Cidade;Ano;Mes;CodigoLocalidade;Localidade;Quantidade
SANTA MARIA;2024;7;36;NOVA SANTA MARTA;7
SANTA MARIA;2024;7;50;UGLIONE;1
SANTA MARIA;2024;7;46;SÃO JOÃO;1
SANTA MARIA;2024;7;2;BOI MORTO;2
SANTA MARIA;2024;7;4;CAMOBI;4
SANTA MARIA;2024;7;6;CAROLINA;1
SANTA MARIA;2024;7;7;CATURRITA;2
SANTA MARIA;2024;7;8;CENTRO;2
SANTA MARIA;2024;7;48;TANCREDO NEVES;1
SANTA MARIA;2024;7;48;TANCREDO NEVES;1
SANTA MARIA;2024;7;11;JOÃO LUIZ POZZOBON;1
SANTA MARIA;2024;7;11;JOÃO LUIZ POZZOBON;6
SANTA MARIA;2024;7;20;DIVINA PROVIDÊNCIA;6
SANTA MARIA;2024;7;20;DIVINA PROVIDÊNCIA;1
SANTA MARIA;2024;7;23;ITARARÉ;1
SANTA MARIA;2024;7;24;JUSCELINO KUBITSCHEK;1
SANTA MARIA;2024;7;24;JUSCELINO KUBITSCHEK;5
SANTA MARIA;2024;7;0;BAIRRO DESCONHECIDO;1
SANTA MARIA;2024;7;26;LORENZI;5
SANTA MARIA;2024;7;27;MENINO JESUS;1
SANTA MARIA;2024;7;28;NOAL;5
SANTA MARIA;2024;7;28;NOAL;3
SANTA MARIA;2024;7;32;NOSSA SENHORA DE LOURDES;1
SANTA MARIA;2024;7;34;NOSSA SENHORA DO ROSÁRIO;2
SANTA MARIA;2024;7;36;NOVA SANTA MARTA;8
SANTA MARIA;2024;7;41;PINHEIRO MACHADO;1
SANTA MARIA;2024;7;37;PASSO D'AREIA;2
SANTA MARIA;2024;7;37;PASSO D'AREIA;1
SANTA MARIA;2024;7;45;PASSO DAS TROPAS;2
SANTA MARIA;2024;7;0;BAIRRO DESCONHECIDO;1
SANTA MARIA;2024;7;39;PATRONATO;2
SANTA MARIA;2024;7;41;PINHEIRO MACHADO;6
SANTA MARIA;2024;7;36;NOVA SANTA MARTA;1
SANTA MARIA;2024;7;43;RENASCENÇA;1
SANTA MARIA;2024;7;44;SALGADO FILHO;3
SANTA MARIA;2024;7;0;BAIRRO DESCONHECIDO;1
SANTA MARIA;2024;7;48;TANCREDO NEVES;2
SANTA MARIA;2024;7;48;TANCREDO NEVES;2
SANTA MARIA;2024;7;48;TANCREDO NEVES;1
SANTA MARIA;2024;7;49;TOMAZZETTI;1
SANTA MARIA;2024;7;51;URLÂNDIA;3
SANTA MARIA;2024;7;24;JUSCELINO KUBITSCHEK;1
SANTA MARIA;2024;7;2;BOI MORTO;1
SANTA MARIA;2024;6;36;NOVA SANTA MARTA;23
SANTA MARIA;2024;6;28;NOAL;2
SANTA MARIA;2024;6;51;URLÂNDIA;2
SANTA MARIA;2024;6;2;BOI MORTO;9
SANTA MARIA;2024;6;2;BOI MORTO;1
SANTA MARIA;2024;6;3;BONFIM;2
SANTA MARIA;2024;6;40;PÉ DE PLATANO;1
SANTA MARIA;2024;6;4;CAMOBI;17
SANTA MARIA;2024;6;48;TANCREDO NEVES;1
SANTA MARIA;2024;6;6;CAROLINA;7
SANTA MARIA;2024;6;7;CATURRITA;20
SANTA MARIA;2024;6;8;CENTRO;14
SANTA MARIA;2024;6;9;CERRITO;2
SANTA MARIA;2024;6;10;CHÁCARA DAS FLORES;5
SANTA MARIA;2024;6;0;BAIRRO DESCONHECIDO;1
SANTA MARIA;2024;6;0;BAIRRO DESCONHECIDO;1
SANTA MARIA;2024;6;4;CAMOBI;1
SANTA MARIA;2024;6;11;JOÃO LUIZ POZZOBON;14
SANTA MARIA;2024;6;11;JOÃO LUIZ POZZOBON;2
SANTA MARIA;2024;6;14;DISTRITO DE BOCA DO MONTE;1
SANTA MARIA;2024;6;0;BAIRRO DESCONHECIDO;1
SANTA MARIA;2024;6;20;DIVINA PROVIDÊNCIA;1
SANTA MARIA;2024;6;20;DIVINA PROVIDÊNCIA;17
SANTA MARIA;2024;6;21;DOM ANTÔNIO REIS;3
SANTA MARIA;2024;6;30;NOSSA SENHORA DAS DORES;1
SANTA MARIA;2024;6;22;DUQUE DE CAXIAS;1
SANTA MARIA;2024;6;23;ITARARÉ;4
SANTA MARIA;2024;6;0;BAIRRO DESCONHECIDO;1
SANTA MARIA;2024;6;24;JUSCELINO KUBITSCHEK;4
SANTA MARIA;2024;6;24;JUSCELINO KUBITSCHEK;5
SANTA MARIA;2024;6;42;PRESIDENTE JOÃO GOULART;1
SANTA MARIA;2024;6;24;JUSCELINO KUBITSCHEK;1
SANTA MARIA;2024;6;24;JUSCELINO KUBITSCHEK;1
SANTA MARIA;2024;6;24;JUSCELINO KUBITSCHEK;1
SANTA MARIA;2024;6;24;JUSCELINO KUBITSCHEK;19
SANTA MARIA;2024;6;25;KM TRÊS;1
SANTA MARIA;2024;6;0;BAIRRO DESCONHECIDO;5
SANTA MARIA;2024;6;0;BAIRRO DESCONHECIDO;1
SANTA MARIA;2024;6;0;BAIRRO DESCONHECIDO;1
SANTA MARIA;2024;6;26;LORENZI;19
SANTA MARIA;2024;6;35;NOSSA SENHORA MEDIANEIRA;3
SANTA MARIA;2024;6;27;MENINO JESUS;3
SANTA MARIA;2024;6;28;NOAL;36
SANTA MARIA;2024;6;29;NONOAI;3
SANTA MARIA;2024;6;35;NOSSA SENHORA MEDIANEIRA;1
SANTA MARIA;2024;6;31;NOSSA SENHORA DE FÁTIMA;2
SANTA MARIA;2024;6;32;NOSSA SENHORA DE LOURDES;2
SANTA MARIA;2024;6;33;NOSSA SENHORA DO PERPÉTUO SOCORRO;1
SANTA MARIA;2024;6;34;NOSSA SENHORA DO ROSÁRIO;6
SANTA MARIA;2024;6;0;BAIRRO DESCONHECIDO;1
SANTA MARIA;2024;6;35;NOSSA SENHORA MEDIANEIRA;3
SANTA MARIA;2024;6;36;NOVA SANTA MARTA;36
SANTA MARIA;2024;6;36;NOVA SANTA MARTA;2
SANTA MARIA;2024;6;0;BAIRRO DESCONHECIDO;2
SANTA MARIA;2024;6;36;NOVA SANTA MARTA;2
SANTA MARIA;2024;6;0;BAIRRO DESCONHECIDO;1
SANTA MARIA;2024;6;41;PINHEIRO MACHADO;1
SANTA MARIA;2024;6;41;PINHEIRO MACHADO;1
SANTA MARIA;2024;6;41;PINHEIRO MACHADO;2
SANTA MARIA;2024;6;41;PINHEIRO MACHADO;4
SANTA MARIA;2024;6;37;PASSO D'AREIA;2
SANTA MARIA;2024;6;14;DISTRITO DE BOCA DO MONTE;1
SANTA MARIA;2024;6;37;PASSO D'AREIA;1
SANTA MARIA;2024;6;37;PASSO D'AREIA;16
SANTA MARIA;2024;6;45;PASSO DAS TROPAS;6
SANTA MARIA;2024;6;39;PATRONATO;8
SANTA MARIA;2024;6;39;PATRONATO;1
SANTA MARIA;2024;6;40;PÉ DE PLATANO;2
SANTA MARIA;2024;6;41;PINHEIRO MACHADO;24
SANTA MARIA;2024;6;36;NOVA SANTA MARTA;8
SANTA MARIA;2024;6;36;NOVA SANTA MARTA;5
SANTA MARIA;2024;6;36;NOVA SANTA MARTA;2
SANTA MARIA;2024;6;41;PINHEIRO MACHADO;2
SANTA MARIA;2024;6;24;JUSCELINO KUBITSCHEK;1
SANTA MARIA;2024;6;24;JUSCELINO KUBITSCHEK;1
SANTA MARIA;2024;6;42;PRESIDENTE JOÃO GOULART;2
SANTA MARIA;2024;6;39;PATRONATO;1
SANTA MARIA;2024;6;46;SÃO JOÃO;1
SANTA MARIA;2024;6;0;BAIRRO DESCONHECIDO;1
SANTA MARIA;2024;6;34;NOSSA SENHORA DO ROSÁRIO;2
SANTA MARIA;2024;6;44;SALGADO FILHO;13
SANTA MARIA;2024;6;19;DISTRITO DE SANTO FLORA;1
SANTA MARIA;2024;6;36;NOVA SANTA MARTA;2
SANTA MARIA;2024;6;0;BAIRRO DESCONHECIDO;1
SANTA MARIA;2024;6;51;URLÂNDIA;9
SANTA MARIA;2024;6;51;URLÂNDIA;1
SANTA MARIA;2024;6;47;SÃO JOSÉ;4
SANTA MARIA;2024;6;0;BAIRRO DESCONHECIDO;1
SANTA MARIA;2024;6;48;TANCREDO NEVES;30
SANTA MARIA;2024;6;48;TANCREDO NEVES;1
SANTA MARIA;2024;6;48;TANCREDO NEVES;1
SANTA MARIA;2024;6;48;TANCREDO NEVES;1
SANTA MARIA;2024;6;49;TOMAZZETTI;10
SANTA MARIA;2024;6;51;URLÂNDIA;48
SANTA MARIA;2024;6;27;MENINO JESUS;1
SANTA MARIA;2024;6;2;BOI MORTO;1
SANTA MARIA;2024;6;14;DISTRITO DE BOCA DO MONTE;2
SANTA MARIA;2024;6;0;BAIRRO DESCONHECIDO;1
SANTA MARIA;2024;6;0;BAIRRO DESCONHECIDO;3
SANTA MARIA;2024;6;37;PASSO D'AREIA;1
SANTA MARIA;2024;6;24;JUSCELINO KUBITSCHEK;1
SANTA MARIA;2024;6;24;JUSCELINO KUBITSCHEK;1
SANTA MARIA;2024;6;43;RENASCENÇA;1
SANTA MARIA;2024;6;2;BOI MORTO;1
SANTA MARIA;2024;6;0;BAIRRO DESCONHECIDO;2
SANTA MARIA;2024;6;27;MENINO JESUS;1
SANTA MARIA;2024;6;24;JUSCELINO KUBITSCHEK;1
SANTA MARIA;2024;6;39;PATRONATO;1
SANTA MARIA;2024;5;0;BAIRRO DESCONHECIDO;1
SANTA MARIA;2024;5;36;NOVA SANTA MARTA;1
SANTA MARIA;2024;5;36;NOVA SANTA MARTA;1
SANTA MARIA;2024;5;36;NOVA SANTA MARTA;74
SANTA MARIA;2024;5;36;NOVA SANTA MARTA;2
SANTA MARIA;2024;5;0;BAIRRO DESCONHECIDO;1
SANTA MARIA;2024;5;50;UGLIONE;1
SANTA MARIA;2024;5;28;NOAL;2
SANTA MARIA;2024;5;11;JOÃO LUIZ POZZOBON;1
SANTA MARIA;2024;5;34;NOSSA SENHORA DO ROSÁRIO;1
SANTA MARIA;2024;5;51;URLÂNDIA;6
SANTA MARIA;2024;5;30;NOSSA SENHORA DAS DORES;1
SANTA MARIA;2024;5;2;BOI MORTO;12
SANTA MARIA;2024;5;2;BOI MORTO;1
SANTA MARIA;2024;5;2;BOI MORTO;3
SANTA MARIA;2024;5;2;BOI MORTO;1
SANTA MARIA;2024;5;3;BONFIM;5
SANTA MARIA;2024;5;27;MENINO JESUS;1
SANTA MARIA;2024;5;0;BAIRRO DESCONHECIDO;1
SANTA MARIA;2024;5;34;NOSSA SENHORA DO ROSÁRIO;1
SANTA MARIA;2024;5;4;CAMOBI;25
SANTA MARIA;2024;5;5;CAMPESTRE DO MENINO DEUS;2
SANTA MARIA;2024;5;5;CAMPESTRE DO MENINO DEUS;2
SANTA MARIA;2024;5;0;BAIRRO DESCONHECIDO;1
SANTA MARIA;2024;5;6;CAROLINA;8
SANTA MARIA;2024;5;0;BAIRRO DESCONHECIDO;1
SANTA MARIA;2024;5;7;CATURRITA;23
SANTA MARIA;2024;5;8;CENTRO;19
SANTA MARIA;2024;5;8;CENTRO;1
SANTA MARIA;2024;5;9;CERRITO;2
SANTA MARIA;2024;5;10;CHÁCARA DAS FLORES;15
SANTA MARIA;2024;5;0;BAIRRO DESCONHECIDO;1
SANTA MARIA;2024;5;36;NOVA SANTA MARTA;2
SANTA MARIA;2024;5;48;TANCREDO NEVES;4
SANTA MARIA;2024;5;11;JOÃO LUIZ POZZOBON;1
SANTA MARIA;2024;5;11;JOÃO LUIZ POZZOBON;1
SANTA MARIA;2024;5;11;JOÃO LUIZ POZZOBON;2
SANTA MARIA;2024;5;11;JOÃO LUIZ POZZOBON;1
SANTA MARIA;2024;5;11;JOÃO LUIZ POZZOBON;15
SANTA MARIA;2024;5;11;JOÃO LUIZ POZZOBON;2
SANTA MARIA;2024;5;0;BAIRRO DESCONHECIDO;2
SANTA MARIA;2024;5;20;DIVINA PROVIDÊNCIA;2
SANTA MARIA;2024;5;20;DIVINA PROVIDÊNCIA;57
SANTA MARIA;2024;5;20;DIVINA PROVIDÊNCIA;4
SANTA MARIA;2024;5;21;DOM ANTÔNIO REIS;2
SANTA MARIA;2024;5;21;DOM ANTÔNIO REIS;1
SANTA MARIA;2024;5;30;NOSSA SENHORA DAS DORES;1
SANTA MARIA;2024;5;22;DUQUE DE CAXIAS;3
SANTA MARIA;2024;5;22;DUQUE DE CAXIAS;3
SANTA MARIA;2024;5;22;DUQUE DE CAXIAS;2
SANTA MARIA;2024;5;31;NOSSA SENHORA DE FÁTIMA;1
SANTA MARIA;2024;5;10;CHÁCARA DAS FLORES;1
SANTA MARIA;2024;5;0;BAIRRO DESCONHECIDO;1
SANTA MARIA;2024;5;23;ITARARÉ;9
SANTA MARIA;2024;5;24;JUSCELINO KUBITSCHEK;4
SANTA MARIA;2024;5;24;JUSCELINO KUBITSCHEK;2
SANTA MARIA;2024;5;24;JUSCELINO KUBITSCHEK;1
SANTA MARIA;2024;5;24;JUSCELINO KUBITSCHEK;6
SANTA MARIA;2024;5;42;PRESIDENTE JOÃO GOULART;2
SANTA MARIA;2024;5;11;JOÃO LUIZ POZZOBON;1
SANTA MARIA;2024;5;24;JUSCELINO KUBITSCHEK;1
SANTA MARIA;2024;5;0;BAIRRO DESCONHECIDO;3
SANTA MARIA;2024;5;24;JUSCELINO KUBITSCHEK;2
SANTA MARIA;2024;5;24;JUSCELINO KUBITSCHEK;1
SANTA MARIA;2024;5;24;JUSCELINO KUBITSCHEK;1
SANTA MARIA;2024;5;24;JUSCELINO KUBITSCHEK;1
SANTA MARIA;2024;5;0;BAIRRO DESCONHECIDO;1
SANTA MARIA;2024;5;24;JUSCELINO KUBITSCHEK;1
SANTA MARIA;2024;5;24;JUSCELINO KUBITSCHEK;3
SANTA MARIA;2024;5;24;JUSCELINO KUBITSCHEK;4
SANTA MARIA;2024;5;24;JUSCELINO KUBITSCHEK;1
SANTA MARIA;2024;5;24;JUSCELINO KUBITSCHEK;34
SANTA MARIA;2024;5;0;BAIRRO DESCONHECIDO;1
SANTA MARIA;2024;5;0;BAIRRO DESCONHECIDO;1
SANTA MARIA;2024;5;0;BAIRRO DESCONHECIDO;1
SANTA MARIA;2024;5;0;BAIRRO DESCONHECIDO;3
SANTA MARIA;2024;5;25;KM TRÊS;9
SANTA MARIA;2024;5;0;BAIRRO DESCONHECIDO;24
SANTA MARIA;2024;5;1;AGRO-INDUSTRIAL;1
SANTA MARIA;2024;5;0;BAIRRO DESCONHECIDO;2
SANTA MARIA;2024;5;26;LORENZI;30
SANTA MARIA;2024;5;26;LORENZI;3
SANTA MARIA;2024;5;0;BAIRRO DESCONHECIDO;3
SANTA MARIA;2024;5;0;BAIRRO DESCONHECIDO;1
SANTA MARIA;2024;5;35;NOSSA SENHORA MEDIANEIRA;5
SANTA MARIA;2024;5;27;MENINO JESUS;1
SANTA MARIA;2024;5;0;BAIRRO DESCONHECIDO;1
SANTA MARIA;2024;5;0;BAIRRO DESCONHECIDO;1
SANTA MARIA;2024;5;28;NOAL;71
SANTA MARIA;2024;5;28;NOAL;8
SANTA MARIA;2024;5;29;NONOAI;2
SANTA MARIA;2024;5;0;BAIRRO DESCONHECIDO;1
SANTA MARIA;2024;5;0;BAIRRO DESCONHECIDO;2
SANTA MARIA;2024;5;30;NOSSA SENHORA DAS DORES;2
SANTA MARIA;2024;5;31;NOSSA SENHORA DE FÁTIMA;2
SANTA MARIA;2024;5;0;BAIRRO DESCONHECIDO;1
SANTA MARIA;2024;5;0;BAIRRO DESCONHECIDO;1
SANTA MARIA;2024;5;33;NOSSA SENHORA DO PERPÉTUO SOCORRO;5
SANTA MARIA;2024;5;34;NOSSA SENHORA DO ROSÁRIO;13
SANTA MARIA;2024;5;0;BAIRRO DESCONHECIDO;1
SANTA MARIA;2024;5;35;NOSSA SENHORA MEDIANEIRA;18
SANTA MARIA;2024;5;35;NOSSA SENHORA MEDIANEIRA;1
SANTA MARIA;2024;5;36;NOVA SANTA MARTA;69
SANTA MARIA;2024;5;36;NOVA SANTA MARTA;8
SANTA MARIA;2024;5;36;NOVA SANTA MARTA;1
SANTA MARIA;2024;5;36;NOVA SANTA MARTA;6
SANTA MARIA;2024;5;0;BAIRRO DESCONHECIDO;1
SANTA MARIA;2024;5;41;PINHEIRO MACHADO;1
SANTA MARIA;2024;5;41;PINHEIRO MACHADO;1
SANTA MARIA;2024;5;41;PINHEIRO MACHADO;1
SANTA MARIA;2024;5;41;PINHEIRO MACHADO;2
SANTA MARIA;2024;5;41;PINHEIRO MACHADO;4
SANTA MARIA;2024;5;41;PINHEIRO MACHADO;2
SANTA MARIA;2024;5;41;PINHEIRO MACHADO;1
SANTA MARIA;2024;5;41;PINHEIRO MACHADO;17
SANTA MARIA;2024;5;41;PINHEIRO MACHADO;6
SANTA MARIA;2024;5;41;PINHEIRO MACHADO;1
SANTA MARIA;2024;5;0;BAIRRO DESCONHECIDO;1
SANTA MARIA;2024;5;37;PASSO D'AREIA;12
SANTA MARIA;2024;5;14;DISTRITO DE BOCA DO MONTE;3
SANTA MARIA;2024;5;37;PASSO D'AREIA;5
SANTA MARIA;2024;5;37;PASSO D'AREIA;3
SANTA MARIA;2024;5;37;PASSO D'AREIA;69
SANTA MARIA;2024;5;45;PASSO DAS TROPAS;12
SANTA MARIA;2024;5;39;PATRONATO;38
SANTA MARIA;2024;5;39;PATRONATO;2
SANTA MARIA;2024;5;0;BAIRRO DESCONHECIDO;1
SANTA MARIA;2024;5;40;PÉ DE PLATANO;2
SANTA MARIA;2024;5;41;PINHEIRO MACHADO;43
SANTA MARIA;2024;5;41;PINHEIRO MACHADO;1
SANTA MARIA;2024;5;36;NOVA SANTA MARTA;1
SANTA MARIA;2024;5;36;NOVA SANTA MARTA;3
SANTA MARIA;2024;5;36;NOVA SANTA MARTA;3
SANTA MARIA;2024;5;36;NOVA SANTA MARTA;1
SANTA MARIA;2024;5;41;PINHEIRO MACHADO;1
SANTA MARIA;2024;5;41;PINHEIRO MACHADO;1
SANTA MARIA;2024;5;21;DOM ANTÔNIO REIS;1
SANTA MARIA;2024;5;41;PINHEIRO MACHADO;1
SANTA MARIA;2024;5;24;JUSCELINO KUBITSCHEK;3
SANTA MARIA;2024;5;24;JUSCELINO KUBITSCHEK;1
SANTA MARIA;2024;5;42;PRESIDENTE JOÃO GOULART;2
SANTA MARIA;2024;5;41;PINHEIRO MACHADO;1
SANTA MARIA;2024;5;0;BAIRRO DESCONHECIDO;2
SANTA MARIA;2024;5;43;RENASCENÇA;1
SANTA MARIA;2024;5;39;PATRONATO;1
SANTA MARIA;2024;5;46;SÃO JOÃO;1
SANTA MARIA;2024;5;0;BAIRRO DESCONHECIDO;2
SANTA MARIA;2024;5;34;NOSSA SENHORA DO ROSÁRIO;8
SANTA MARIA;2024;5;44;SALGADO FILHO;42
SANTA MARIA;2024;5;44;SALGADO FILHO;1
SANTA MARIA;2024;5;0;BAIRRO DESCONHECIDO;2
SANTA MARIA;2024;5;36;NOVA SANTA MARTA;2
SANTA MARIA;2024;5;0;BAIRRO DESCONHECIDO;2
SANTA MARIA;2024;5;0;BAIRRO DESCONHECIDO;1
SANTA MARIA;2024;5;51;URLÂNDIA;27
SANTA MARIA;2024;5;46;SÃO JOÃO;4
SANTA MARIA;2024;5;46;SÃO JOÃO;1
SANTA MARIA;2024;5;47;SÃO JOSÉ;14
SANTA MARIA;2024;5;47;SÃO JOSÉ;1
SANTA MARIA;2024;5;0;BAIRRO DESCONHECIDO;1
SANTA MARIA;2024;5;0;BAIRRO DESCONHECIDO;1
SANTA MARIA;2024;5;48;TANCREDO NEVES;1
SANTA MARIA;2024;5;48;TANCREDO NEVES;1
SANTA MARIA;2024;5;48;TANCREDO NEVES;34
SANTA MARIA;2024;5;48;TANCREDO NEVES;1
SANTA MARIA;2024;5;48;TANCREDO NEVES;1
SANTA MARIA;2024;5;48;TANCREDO NEVES;2
SANTA MARIA;2024;5;48;TANCREDO NEVES;1
SANTA MARIA;2024;5;49;TOMAZZETTI;7
SANTA MARIA;2024;5;49;TOMAZZETTI;1
SANTA MARIA;2024;5;50;UGLIONE;9
SANTA MARIA;2024;5;51;URLÂNDIA;125
SANTA MARIA;2024;5;51;URLÂNDIA;1
SANTA MARIA;2024;5;0;BAIRRO DESCONHECIDO;1
SANTA MARIA;2024;5;2;BOI MORTO;8
SANTA MARIA;2024;5;14;DISTRITO DE BOCA DO MONTE;1
SANTA MARIA;2024;5;0;BAIRRO DESCONHECIDO;1
SANTA MARIA;2024;5;0;BAIRRO DESCONHECIDO;1
SANTA MARIA;2024;5;28;NOAL;1
SANTA MARIA;2024;5;0;BAIRRO DESCONHECIDO;9
SANTA MARIA;2024;5;37;PASSO D'AREIA;8
SANTA MARIA;2024;5;42;PRESIDENTE JOÃO GOULART;1
SANTA MARIA;2024;5;0;BAIRRO DESCONHECIDO;1
SANTA MARIA;2024;5;2;BOI MORTO;10
SANTA MARIA;2024;5;0;BAIRRO DESCONHECIDO;5
SANTA MARIA;2024;5;0;BAIRRO DESCONHECIDO;1
SANTA MARIA;2024;5;0;BAIRRO DESCONHECIDO;1
SANTA MARIA;2024;4;0;BAIRRO DESCONHECIDO;1
SANTA MARIA;2024;4;36;NOVA SANTA MARTA;1
SANTA MARIA;2024;4;36;NOVA SANTA MARTA;2
SANTA MARIA;2024;4;36;NOVA SANTA MARTA;83
SANTA MARIA;2024;4;36;NOVA SANTA MARTA;1
SANTA MARIA;2024;4;28;NOAL;7
SANTA MARIA;2024;4;28;NOAL;3
SANTA MARIA;2024;4;13;DISTRITO DE ARROIO GRANDE;1
SANTA MARIA;2024;4;0;BAIRRO DESCONHECIDO;1
SANTA MARIA;2024;4;11;JOÃO LUIZ POZZOBON;1
SANTA MARIA;2024;4;31;NOSSA SENHORA DE FÁTIMA;1
SANTA MARIA;2024;4;51;URLÂNDIA;9
SANTA MARIA;2024;4;29;NONOAI;1
SANTA MARIA;2024;4;14;DISTRITO DE BOCA DO MONTE;1
SANTA MARIA;2024;4;2;BOI MORTO;7
SANTA MARIA;2024;4;2;BOI MORTO;7
SANTA MARIA;2024;4;3;BONFIM;1
SANTA MARIA;2024;4;3;BONFIM;4
SANTA MARIA;2024;4;0;BAIRRO DESCONHECIDO;5
SANTA MARIA;2024;4;4;CAMOBI;51
SANTA MARIA;2024;4;5;CAMPESTRE DO MENINO DEUS;3
SANTA MARIA;2024;4;0;BAIRRO DESCONHECIDO;2
SANTA MARIA;2024;4;24;JUSCELINO KUBITSCHEK;2
SANTA MARIA;2024;4;24;JUSCELINO KUBITSCHEK;2
SANTA MARIA;2024;4;6;CAROLINA;13
SANTA MARIA;2024;4;7;CATURRITA;40
SANTA MARIA;2024;4;8;CENTRO;38
SANTA MARIA;2024;4;9;CERRITO;3
SANTA MARIA;2024;4;10;CHÁCARA DAS FLORES;1
SANTA MARIA;2024;4;10;CHÁCARA DAS FLORES;10
SANTA MARIA;2024;4;48;TANCREDO NEVES;1
SANTA MARIA;2024;4;48;TANCREDO NEVES;1
SANTA MARIA;2024;4;0;BAIRRO DESCONHECIDO;2
SANTA MARIA;2024;4;48;TANCREDO NEVES;3
SANTA MARIA;2024;4;48;TANCREDO NEVES;1
SANTA MARIA;2024;4;0;BAIRRO DESCONHECIDO;1
SANTA MARIA;2024;4;0;BAIRRO DESCONHECIDO;1
SANTA MARIA;2024;4;11;JOÃO LUIZ POZZOBON;1
SANTA MARIA;2024;4;11;JOÃO LUIZ POZZOBON;1
SANTA MARIA;2024;4;11;JOÃO LUIZ POZZOBON;1
SANTA MARIA;2024;4;11;JOÃO LUIZ POZZOBON;44
SANTA MARIA;2024;4;11;JOÃO LUIZ POZZOBON;1
SANTA MARIA;2024;4;0;BAIRRO DESCONHECIDO;7
SANTA MARIA;2024;4;0;BAIRRO DESCONHECIDO;1
SANTA MARIA;2024;4;0;BAIRRO DESCONHECIDO;1
SANTA MARIA;2024;4;20;DIVINA PROVIDÊNCIA;2
SANTA MARIA;2024;4;20;DIVINA PROVIDÊNCIA;93
SANTA MARIA;2024;4;20;DIVINA PROVIDÊNCIA;4
SANTA MARIA;2024;4;21;DOM ANTÔNIO REIS;2
SANTA MARIA;2024;4;30;NOSSA SENHORA DAS DORES;1
SANTA MARIA;2024;4;22;DUQUE DE CAXIAS;6
SANTA MARIA;2024;4;0;BAIRRO DESCONHECIDO;1
SANTA MARIA;2024;4;0;BAIRRO DESCONHECIDO;1
SANTA MARIA;2024;4;23;ITARARÉ;1
SANTA MARIA;2024;4;23;ITARARÉ;11
SANTA MARIA;2024;4;0;BAIRRO DESCONHECIDO;1
SANTA MARIA;2024;4;24;JUSCELINO KUBITSCHEK;5
SANTA MARIA;2024;4;24;JUSCELINO KUBITSCHEK;3
SANTA MARIA;2024;4;24;JUSCELINO KUBITSCHEK;1
SANTA MARIA;2024;4;24;JUSCELINO KUBITSCHEK;1
SANTA MARIA;2024;4;0;BAIRRO DESCONHECIDO;3
SANTA MARIA;2024;4;0;BAIRRO DESCONHECIDO;1
SANTA MARIA;2024;4;0;BAIRRO DESCONHECIDO;2
SANTA MARIA;2024;4;42;PRESIDENTE JOÃO GOULART;7
SANTA MARIA;2024;4;42;PRESIDENTE JOÃO GOULART;1
SANTA MARIA;2024;4;24;JUSCELINO KUBITSCHEK;1
SANTA MARIA;2024;4;0;BAIRRO DESCONHECIDO;3
SANTA MARIA;2024;4;24;JUSCELINO KUBITSCHEK;1
SANTA MARIA;2024;4;24;JUSCELINO KUBITSCHEK;7
SANTA MARIA;2024;4;24;JUSCELINO KUBITSCHEK;1
SANTA MARIA;2024;4;47;SÃO JOSÉ;1
SANTA MARIA;2024;4;24;JUSCELINO KUBITSCHEK;1
SANTA MARIA;2024;4;24;JUSCELINO KUBITSCHEK;1
SANTA MARIA;2024;4;24;JUSCELINO KUBITSCHEK;4
SANTA MARIA;2024;4;0;BAIRRO DESCONHECIDO;1
SANTA MARIA;2024;4;24;JUSCELINO KUBITSCHEK;3
SANTA MARIA;2024;4;24;JUSCELINO KUBITSCHEK;1
SANTA MARIA;2024;4;24;JUSCELINO KUBITSCHEK;1
SANTA MARIA;2024;4;24;JUSCELINO KUBITSCHEK;42
SANTA MARIA;2024;4;24;JUSCELINO KUBITSCHEK;1
SANTA MARIA;2024;4;24;JUSCELINO KUBITSCHEK;5
SANTA MARIA;2024;4;0;BAIRRO DESCONHECIDO;1
SANTA MARIA;2024;4;0;BAIRRO DESCONHECIDO;2
SANTA MARIA;2024;4;0;BAIRRO DESCONHECIDO;1
SANTA MARIA;2024;4;0;BAIRRO DESCONHECIDO;2
SANTA MARIA;2024;4;0;BAIRRO DESCONHECIDO;1
SANTA MARIA;2024;4;0;BAIRRO DESCONHECIDO;1
SANTA MARIA;2024;4;25;KM TRÊS;20
SANTA MARIA;2024;4;0;BAIRRO DESCONHECIDO;23
SANTA MARIA;2024;4;0;BAIRRO DESCONHECIDO;7
SANTA MARIA;2024;4;0;BAIRRO DESCONHECIDO;1
SANTA MARIA;2024;4;26;LORENZI;26
SANTA MARIA;2024;4;41;PINHEIRO MACHADO;1
SANTA MARIA;2024;4;35;NOSSA SENHORA MEDIANEIRA;12
SANTA MARIA;2024;4;27;MENINO JESUS;2
SANTA MARIA;2024;4;14;DISTRITO DE BOCA DO MONTE;1
SANTA MARIA;2024;4;31;NOSSA SENHORA DE FÁTIMA;1
SANTA MARIA;2024;4;0;BAIRRO DESCONHECIDO;3
SANTA MARIA;2024;4;28;NOAL;116
SANTA MARIA;2024;4;28;NOAL;11
SANTA MARIA;2024;4;29;NONOAI;2
SANTA MARIA;2024;4;35;NOSSA SENHORA MEDIANEIRA;2
SANTA MARIA;2024;4;30;NOSSA SENHORA DAS DORES;5
SANTA MARIA;2024;4;31;NOSSA SENHORA DE FÁTIMA;12
SANTA MARIA;2024;4;0;BAIRRO DESCONHECIDO;2
SANTA MARIA;2024;4;32;NOSSA SENHORA DE LOURDES;2
SANTA MARIA;2024;4;32;NOSSA SENHORA DE LOURDES;7
SANTA MARIA;2024;4;33;NOSSA SENHORA DO PERPÉTUO SOCORRO;2
SANTA MARIA;2024;4;34;NOSSA SENHORA DO ROSÁRIO;27
SANTA MARIA;2024;4;0;BAIRRO DESCONHECIDO;2
SANTA MARIA;2024;4;35;NOSSA SENHORA MEDIANEIRA;22
SANTA MARIA;2024;4;36;NOVA SANTA MARTA;63
SANTA MARIA;2024;4;36;NOVA SANTA MARTA;1
SANTA MARIA;2024;4;36;NOVA SANTA MARTA;1
SANTA MARIA;2024;4;0;BAIRRO DESCONHECIDO;1
SANTA MARIA;2024;4;36;NOVA SANTA MARTA;1
SANTA MARIA;2024;4;36;NOVA SANTA MARTA;3
SANTA MARIA;2024;4;0;BAIRRO DESCONHECIDO;2
SANTA MARIA;2024;4;41;PINHEIRO MACHADO;1
SANTA MARIA;2024;4;41;PINHEIRO MACHADO;1
SANTA MARIA;2024;4;41;PINHEIRO MACHADO;1
SANTA MARIA;2024;4;41;PINHEIRO MACHADO;4
SANTA MARIA;2024;4;41;PINHEIRO MACHADO;1
SANTA MARIA;2024;4;41;PINHEIRO MACHADO;19
SANTA MARIA;2024;4;41;PINHEIRO MACHADO;1
SANTA MARIA;2024;4;41;PINHEIRO MACHADO;1
SANTA MARIA;2024;4;41;PINHEIRO MACHADO;1
SANTA MARIA;2024;4;0;BAIRRO DESCONHECIDO;1
SANTA MARIA;2024;4;0;BAIRRO DESCONHECIDO;1
SANTA MARIA;2024;4;0;BAIRRO DESCONHECIDO;1
SANTA MARIA;2024;4;37;PASSO D'AREIA;11
SANTA MARIA;2024;4;0;BAIRRO DESCONHECIDO;3
SANTA MARIA;2024;4;37;PASSO D'AREIA;20
SANTA MARIA;2024;4;37;PASSO D'AREIA;9
SANTA MARIA;2024;4;37;PASSO D'AREIA;169
SANTA MARIA;2024;4;45;PASSO DAS TROPAS;18
SANTA MARIA;2024;4;39;PATRONATO;73
SANTA MARIA;2024;4;39;PATRONATO;3
SANTA MARIA;2024;4;40;PÉ DE PLATANO;2
SANTA MARIA;2024;4;33;NOSSA SENHORA DO PERPÉTUO SOCORRO;1
SANTA MARIA;2024;4;41;PINHEIRO MACHADO;39
SANTA MARIA;2024;4;41;PINHEIRO MACHADO;1
SANTA MARIA;2024;4;36;NOVA SANTA MARTA;1
SANTA MARIA;2024;4;36;NOVA SANTA MARTA;3
SANTA MARIA;2024;4;36;NOVA SANTA MARTA;1
SANTA MARIA;2024;4;36;NOVA SANTA MARTA;7
SANTA MARIA;2024;4;36;NOVA SANTA MARTA;1
SANTA MARIA;2024;4;41;PINHEIRO MACHADO;1
SANTA MARIA;2024;4;41;PINHEIRO MACHADO;4
SANTA MARIA;2024;4;0;BAIRRO DESCONHECIDO;1
SANTA MARIA;2024;4;41;PINHEIRO MACHADO;3
SANTA MARIA;2024;4;24;JUSCELINO KUBITSCHEK;3
SANTA MARIA;2024;4;42;PRESIDENTE JOÃO GOULART;9
SANTA MARIA;2024;4;42;PRESIDENTE JOÃO GOULART;1
SANTA MARIA;2024;4;43;RENASCENÇA;3
SANTA MARIA;2024;4;39;PATRONATO;1
SANTA MARIA;2024;4;39;PATRONATO;1
SANTA MARIA;2024;4;39;PATRONATO;3
SANTA MARIA;2024;4;46;SÃO JOÃO;1
SANTA MARIA;2024;4;0;BAIRRO DESCONHECIDO;1
SANTA MARIA;2024;4;0;BAIRRO DESCONHECIDO;2
SANTA MARIA;2024;4;34;NOSSA SENHORA DO ROSÁRIO;7
SANTA MARIA;2024;4;0;BAIRRO DESCONHECIDO;1
SANTA MARIA;2024;4;0;BAIRRO DESCONHECIDO;3
SANTA MARIA;2024;4;44;SALGADO FILHO;1
SANTA MARIA;2024;4;44;SALGADO FILHO;36
SANTA MARIA;2024;4;44;SALGADO FILHO;2
SANTA MARIA;2024;4;19;DISTRITO DE SANTO FLORA;2
SANTA MARIA;2024;4;19;DISTRITO DE SANTO FLORA;1
SANTA MARIA;2024;4;0;BAIRRO DESCONHECIDO;2
SANTA MARIA;2024;4;36;NOVA SANTA MARTA;8
SANTA MARIA;2024;4;0;BAIRRO DESCONHECIDO;4
SANTA MARIA;2024;4;51;URLÂNDIA;33
SANTA MARIA;2024;4;46;SÃO JOÃO;14
SANTA MARIA;2024;4;47;SÃO JOSÉ;7
SANTA MARIA;2024;4;0;BAIRRO DESCONHECIDO;1
SANTA MARIA;2024;4;0;BAIRRO DESCONHECIDO;1
SANTA MARIA;2024;4;48;TANCREDO NEVES;1
SANTA MARIA;2024;4;48;TANCREDO NEVES;43
SANTA MARIA;2024;4;48;TANCREDO NEVES;3
SANTA MARIA;2024;4;48;TANCREDO NEVES;1
SANTA MARIA;2024;4;48;TANCREDO NEVES;1
SANTA MARIA;2024;4;48;TANCREDO NEVES;1
SANTA MARIA;2024;4;48;TANCREDO NEVES;1
SANTA MARIA;2024;4;48;TANCREDO NEVES;3
SANTA MARIA;2024;4;49;TOMAZZETTI;1
SANTA MARIA;2024;4;49;TOMAZZETTI;14
SANTA MARIA;2024;4;0;BAIRRO DESCONHECIDO;1
SANTA MARIA;2024;4;50;UGLIONE;2
SANTA MARIA;2024;4;51;URLÂNDIA;1
SANTA MARIA;2024;4;51;URLÂNDIA;1
SANTA MARIA;2024;4;51;URLÂNDIA;146
SANTA MARIA;2024;4;51;URLÂNDIA;1
SANTA MARIA;2024;4;0;BAIRRO DESCONHECIDO;1
SANTA MARIA;2024;4;28;NOAL;2
SANTA MARIA;2024;4;0;BAIRRO DESCONHECIDO;1
SANTA MARIA;2024;4;2;BOI MORTO;13
SANTA MARIA;2024;4;14;DISTRITO DE BOCA DO MONTE;3
SANTA MARIA;2024;4;0;BAIRRO DESCONHECIDO;1
SANTA MARIA;2024;4;0;BAIRRO DESCONHECIDO;1
SANTA MARIA;2024;4;0;BAIRRO DESCONHECIDO;10
SANTA MARIA;2024;4;37;PASSO D'AREIA;12
SANTA MARIA;2024;4;0;BAIRRO DESCONHECIDO;1
SANTA MARIA;2024;4;24;JUSCELINO KUBITSCHEK;1
SANTA MARIA;2024;4;42;PRESIDENTE JOÃO GOULART;1
SANTA MARIA;2024;4;39;PATRONATO;2
SANTA MARIA;2024;4;0;BAIRRO DESCONHECIDO;2
SANTA MARIA;2024;4;2;BOI MORTO;9
SANTA MARIA;2024;4;0;BAIRRO DESCONHECIDO;5
SANTA MARIA;2024;4;51;URLÂNDIA;1
SANTA MARIA;2024;4;0;BAIRRO DESCONHECIDO;2
SANTA MARIA;2024;4;0;BAIRRO DESCONHECIDO;1
SANTA MARIA;2024;4;0;BAIRRO DESCONHECIDO;1
SANTA MARIA;2024;4;0;BAIRRO DESCONHECIDO;1
SANTA MARIA;2024;4;43;RENASCENÇA;2
SANTA MARIA;2024;4;39;PATRONATO;1
SANTA MARIA;2024;4;0;BAIRRO DESCONHECIDO;1
SANTA MARIA;2024;3;36;NOVA SANTA MARTA;45
SANTA MARIA;2024;3;36;NOVA SANTA MARTA;1
SANTA MARIA;2024;3;50;UGLIONE;1
SANTA MARIA;2024;3;28;NOAL;1
SANTA MARIA;2024;3;28;NOAL;3
SANTA MARIA;2024;3;38;PASSO DO VERDE;1
SANTA MARIA;2024;3;13;DISTRITO DE ARROIO GRANDE;1
SANTA MARIA;2024;3;13;DISTRITO DE ARROIO GRANDE;1
SANTA MARIA;2024;3;31;NOSSA SENHORA DE FÁTIMA;1
SANTA MARIA;2024;3;34;NOSSA SENHORA DO ROSÁRIO;1
SANTA MARIA;2024;3;0;BAIRRO DESCONHECIDO;1
SANTA MARIA;2024;3;51;URLÂNDIA;1
SANTA MARIA;2024;3;14;DISTRITO DE BOCA DO MONTE;1
SANTA MARIA;2024;3;2;BOI MORTO;4
SANTA MARIA;2024;3;3;BONFIM;4
SANTA MARIA;2024;3;0;BAIRRO DESCONHECIDO;1
SANTA MARIA;2024;3;4;CAMOBI;41
SANTA MARIA;2024;3;5;CAMPESTRE DO MENINO DEUS;2
SANTA MARIA;2024;3;0;BAIRRO DESCONHECIDO;1
SANTA MARIA;2024;3;48;TANCREDO NEVES;1
SANTA MARIA;2024;3;24;JUSCELINO KUBITSCHEK;3
SANTA MARIA;2024;3;6;CAROLINA;5
SANTA MARIA;2024;3;7;CATURRITA;8
SANTA MARIA;2024;3;8;CENTRO;23
SANTA MARIA;2024;3;9;CERRITO;3
SANTA MARIA;2024;3;10;CHÁCARA DAS FLORES;1
SANTA MARIA;2024;3;10;CHÁCARA DAS FLORES;4
SANTA MARIA;2024;3;0;BAIRRO DESCONHECIDO;1
SANTA MARIA;2024;3;36;NOVA SANTA MARTA;1
SANTA MARIA;2024;3;48;TANCREDO NEVES;2
SANTA MARIA;2024;3;48;TANCREDO NEVES;1
SANTA MARIA;2024;3;11;JOÃO LUIZ POZZOBON;1
SANTA MARIA;2024;3;11;JOÃO LUIZ POZZOBON;28
SANTA MARIA;2024;3;11;JOÃO LUIZ POZZOBON;5
SANTA MARIA;2024;3;0;BAIRRO DESCONHECIDO;3
SANTA MARIA;2024;3;0;BAIRRO DESCONHECIDO;1
SANTA MARIA;2024;3;20;DIVINA PROVIDÊNCIA;27
SANTA MARIA;2024;3;21;DOM ANTÔNIO REIS;8
SANTA MARIA;2024;3;22;DUQUE DE CAXIAS;4
SANTA MARIA;2024;3;0;BAIRRO DESCONHECIDO;1
SANTA MARIA;2024;3;0;BAIRRO DESCONHECIDO;1
SANTA MARIA;2024;3;23;ITARARÉ;1
SANTA MARIA;2024;3;23;ITARARÉ;7
SANTA MARIA;2024;3;24;JUSCELINO KUBITSCHEK;2
SANTA MARIA;2024;3;24;JUSCELINO KUBITSCHEK;1
SANTA MARIA;2024;3;24;JUSCELINO KUBITSCHEK;4
SANTA MARIA;2024;3;24;JUSCELINO KUBITSCHEK;1
SANTA MARIA;2024;3;42;PRESIDENTE JOÃO GOULART;2
SANTA MARIA;2024;3;24;JUSCELINO KUBITSCHEK;1
SANTA MARIA;2024;3;24;JUSCELINO KUBITSCHEK;1
SANTA MARIA;2024;3;24;JUSCELINO KUBITSCHEK;2
SANTA MARIA;2024;3;24;JUSCELINO KUBITSCHEK;1
SANTA MARIA;2024;3;24;JUSCELINO KUBITSCHEK;1
SANTA MARIA;2024;3;24;JUSCELINO KUBITSCHEK;25
SANTA MARIA;2024;3;24;JUSCELINO KUBITSCHEK;1
SANTA MARIA;2024;3;24;JUSCELINO KUBITSCHEK;1
SANTA MARIA;2024;3;0;BAIRRO DESCONHECIDO;1
SANTA MARIA;2024;3;0;BAIRRO DESCONHECIDO;1
SANTA MARIA;2024;3;0;BAIRRO DESCONHECIDO;1
SANTA MARIA;2024;3;0;BAIRRO DESCONHECIDO;8
SANTA MARIA;2024;3;0;BAIRRO DESCONHECIDO;1
SANTA MARIA;2024;3;0;BAIRRO DESCONHECIDO;5
SANTA MARIA;2024;3;26;LORENZI;1
SANTA MARIA;2024;3;26;LORENZI;26
SANTA MARIA;2024;3;41;PINHEIRO MACHADO;1
SANTA MARIA;2024;3;0;BAIRRO DESCONHECIDO;1
SANTA MARIA;2024;3;35;NOSSA SENHORA MEDIANEIRA;6
SANTA MARIA;2024;3;0;BAIRRO DESCONHECIDO;1
SANTA MARIA;2024;3;14;DISTRITO DE BOCA DO MONTE;1
SANTA MARIA;2024;3;0;BAIRRO DESCONHECIDO;1
SANTA MARIA;2024;3;0;BAIRRO DESCONHECIDO;1
SANTA MARIA;2024;3;28;NOAL;46
SANTA MARIA;2024;3;28;NOAL;7
SANTA MARIA;2024;3;29;NONOAI;3
SANTA MARIA;2024;3;29;NONOAI;1
SANTA MARIA;2024;3;35;NOSSA SENHORA MEDIANEIRA;1
SANTA MARIA;2024;3;30;NOSSA SENHORA DAS DORES;3
SANTA MARIA;2024;3;31;NOSSA SENHORA DE FÁTIMA;9
SANTA MARIA;2024;3;0;BAIRRO DESCONHECIDO;1
SANTA MARIA;2024;3;32;NOSSA SENHORA DE LOURDES;6
SANTA MARIA;2024;3;33;NOSSA SENHORA DO PERPÉTUO SOCORRO;3
SANTA MARIA;2024;3;34;NOSSA SENHORA DO ROSÁRIO;20
SANTA MARIA;2024;3;35;NOSSA SENHORA MEDIANEIRA;7
SANTA MARIA;2024;3;36;NOVA SANTA MARTA;31
SANTA MARIA;2024;3;32;NOSSA SENHORA DE LOURDES;2
SANTA MARIA;2024;3;0;BAIRRO DESCONHECIDO;1
SANTA MARIA;2024;3;0;BAIRRO DESCONHECIDO;3
SANTA MARIA;2024;3;15;DISTRITO DE PAINS;1
SANTA MARIA;2024;3;41;PINHEIRO MACHADO;1
SANTA MARIA;2024;3;41;PINHEIRO MACHADO;2
SANTA MARIA;2024;3;41;PINHEIRO MACHADO;1
SANTA MARIA;2024;3;41;PINHEIRO MACHADO;1
SANTA MARIA;2024;3;41;PINHEIRO MACHADO;9
SANTA MARIA;2024;3;41;PINHEIRO MACHADO;2
SANTA MARIA;2024;3;0;BAIRRO DESCONHECIDO;1
SANTA MARIA;2024;3;37;PASSO D'AREIA;9
SANTA MARIA;2024;3;0;BAIRRO DESCONHECIDO;1
SANTA MARIA;2024;3;0;BAIRRO DESCONHECIDO;1
SANTA MARIA;2024;3;37;PASSO D'AREIA;4
SANTA MARIA;2024;3;37;PASSO D'AREIA;4
SANTA MARIA;2024;3;37;PASSO D'AREIA;1
SANTA MARIA;2024;3;37;PASSO D'AREIA;48
SANTA MARIA;2024;3;45;PASSO DAS TROPAS;16
SANTA MARIA;2024;3;38;PASSO DO VERDE;1
SANTA MARIA;2024;3;38;PASSO DO VERDE;1
SANTA MARIA;2024;3;39;PATRONATO;36
SANTA MARIA;2024;3;39;PATRONATO;1
SANTA MARIA;2024;3;39;PATRONATO;1
SANTA MARIA;2024;3;21;DOM ANTÔNIO REIS;1
SANTA MARIA;2024;3;0;BAIRRO DESCONHECIDO;1
SANTA MARIA;2024;3;40;PÉ DE PLATANO;2
SANTA MARIA;2024;3;33;NOSSA SENHORA DO PERPÉTUO SOCORRO;1
SANTA MARIA;2024;3;33;NOSSA SENHORA DO PERPÉTUO SOCORRO;1
SANTA MARIA;2024;3;0;BAIRRO DESCONHECIDO;1
SANTA MARIA;2024;3;41;PINHEIRO MACHADO;22
SANTA MARIA;2024;3;36;NOVA SANTA MARTA;2
SANTA MARIA;2024;3;41;PINHEIRO MACHADO;1
SANTA MARIA;2024;3;41;PINHEIRO MACHADO;1
SANTA MARIA;2024;3;21;DOM ANTÔNIO REIS;1
SANTA MARIA;2024;3;41;PINHEIRO MACHADO;1
SANTA MARIA;2024;3;24;JUSCELINO KUBITSCHEK;2
SANTA MARIA;2024;3;42;PRESIDENTE JOÃO GOULART;2
SANTA MARIA;2024;3;43;RENASCENÇA;1
SANTA MARIA;2024;3;39;PATRONATO;1
SANTA MARIA;2024;3;39;PATRONATO;3
SANTA MARIA;2024;3;46;SÃO JOÃO;3
SANTA MARIA;2024;3;34;NOSSA SENHORA DO ROSÁRIO;4
SANTA MARIA;2024;3;36;NOVA SANTA MARTA;1
SANTA MARIA;2024;3;44;SALGADO FILHO;21
SANTA MARIA;2024;3;19;DISTRITO DE SANTO FLORA;1
SANTA MARIA;2024;3;36;NOVA SANTA MARTA;2
SANTA MARIA;2024;3;0;BAIRRO DESCONHECIDO;1
SANTA MARIA;2024;3;51;URLÂNDIA;12
SANTA MARIA;2024;3;46;SÃO JOÃO;9
SANTA MARIA;2024;3;46;SÃO JOÃO;1
SANTA MARIA;2024;3;47;SÃO JOSÉ;5
SANTA MARIA;2024;3;47;SÃO JOSÉ;2
SANTA MARIA;2024;3;0;BAIRRO DESCONHECIDO;1
SANTA MARIA;2024;3;36;NOVA SANTA MARTA;1
SANTA MARIA;2024;3;48;TANCREDO NEVES;1
SANTA MARIA;2024;3;48;TANCREDO NEVES;1
SANTA MARIA;2024;3;48;TANCREDO NEVES;32
SANTA MARIA;2024;3;48;TANCREDO NEVES;1
SANTA MARIA;2024;3;48;TANCREDO NEVES;1
SANTA MARIA;2024;3;49;TOMAZZETTI;10
SANTA MARIA;2024;3;49;TOMAZZETTI;1
SANTA MARIA;2024;3;48;TANCREDO NEVES;1
SANTA MARIA;2024;3;50;UGLIONE;3
SANTA MARIA;2024;3;51;URLÂNDIA;85
SANTA MARIA;2024;3;51;URLÂNDIA;2
SANTA MARIA;2024;3;28;NOAL;1
SANTA MARIA;2024;3;0;BAIRRO DESCONHECIDO;1
SANTA MARIA;2024;3;2;BOI MORTO;6
SANTA MARIA;2024;3;0;BAIRRO DESCONHECIDO;1
SANTA MARIA;2024;3;14;DISTRITO DE BOCA DO MONTE;1
SANTA MARIA;2024;3;39;PATRONATO;1
SANTA MARIA;2024;3;26;LORENZI;1
SANTA MARIA;2024;3;0;BAIRRO DESCONHECIDO;1
SANTA MARIA;2024;3;28;NOAL;1
SANTA MARIA;2024;3;0;BAIRRO DESCONHECIDO;2
SANTA MARIA;2024;3;37;PASSO D'AREIA;6
SANTA MARIA;2024;3;36;NOVA SANTA MARTA;2
SANTA MARIA;2024;3;42;PRESIDENTE JOÃO GOULART;2
SANTA MARIA;2024;3;2;BOI MORTO;4
SANTA MARIA;2024;3;0;BAIRRO DESCONHECIDO;6
SANTA MARIA;2024;3;28;NOAL;1
SANTA MARIA;2024;2;36;NOVA SANTA MARTA;21
SANTA MARIA;2024;2;36;NOVA SANTA MARTA;1
SANTA MARIA;2024;2;28;NOAL;1
SANTA MARIA;2024;2;13;DISTRITO DE ARROIO GRANDE;1
SANTA MARIA;2024;2;31;NOSSA SENHORA DE FÁTIMA;1
SANTA MARIA;2024;2;46;SÃO JOÃO;1
SANTA MARIA;2024;2;0;BAIRRO DESCONHECIDO;2
SANTA MARIA;2024;2;2;BOI MORTO;3
SANTA MARIA;2024;2;4;CAMOBI;18
SANTA MARIA;2024;2;4;CAMOBI;1
SANTA MARIA;2024;2;5;CAMPESTRE DO MENINO DEUS;1
SANTA MARIA;2024;2;6;CAROLINA;1
SANTA MARIA;2024;2;7;CATURRITA;6
SANTA MARIA;2024;2;8;CENTRO;14
SANTA MARIA;2024;2;8;CENTRO;1
SANTA MARIA;2024;2;10;CHÁCARA DAS FLORES;1
SANTA MARIA;2024;2;48;TANCREDO NEVES;2
SANTA MARIA;2024;2;36;NOVA SANTA MARTA;1
SANTA MARIA;2024;2;11;JOÃO LUIZ POZZOBON;2
SANTA MARIA;2024;2;11;JOÃO LUIZ POZZOBON;2
SANTA MARIA;2024;2;11;JOÃO LUIZ POZZOBON;1
SANTA MARIA;2024;2;11;JOÃO LUIZ POZZOBON;12
SANTA MARIA;2024;2;11;JOÃO LUIZ POZZOBON;1
SANTA MARIA;2024;2;0;BAIRRO DESCONHECIDO;1
SANTA MARIA;2024;2;20;DIVINA PROVIDÊNCIA;6
SANTA MARIA;2024;2;22;DUQUE DE CAXIAS;1
SANTA MARIA;2024;2;23;ITARARÉ;2
SANTA MARIA;2024;2;0;BAIRRO DESCONHECIDO;1
SANTA MARIA;2024;2;0;BAIRRO DESCONHECIDO;1
SANTA MARIA;2024;2;24;JUSCELINO KUBITSCHEK;4
SANTA MARIA;2024;2;24;JUSCELINO KUBITSCHEK;2
SANTA MARIA;2024;2;24;JUSCELINO KUBITSCHEK;1
SANTA MARIA;2024;2;24;JUSCELINO KUBITSCHEK;1
SANTA MARIA;2024;2;24;JUSCELINO KUBITSCHEK;1
SANTA MARIA;2024;2;24;JUSCELINO KUBITSCHEK;1
SANTA MARIA;2024;2;24;JUSCELINO KUBITSCHEK;1
SANTA MARIA;2024;2;24;JUSCELINO KUBITSCHEK;1
SANTA MARIA;2024;2;24;JUSCELINO KUBITSCHEK;1
SANTA MARIA;2024;2;24;JUSCELINO KUBITSCHEK;9
SANTA MARIA;2024;2;24;JUSCELINO KUBITSCHEK;1
SANTA MARIA;2024;2;0;BAIRRO DESCONHECIDO;1
SANTA MARIA;2024;2;0;BAIRRO DESCONHECIDO;2
SANTA MARIA;2024;2;0;BAIRRO DESCONHECIDO;1
SANTA MARIA;2024;2;25;KM TRÊS;2
SANTA MARIA;2024;2;26;LORENZI;13
SANTA MARIA;2024;2;35;NOSSA SENHORA MEDIANEIRA;2
SANTA MARIA;2024;2;14;DISTRITO DE BOCA DO MONTE;1
SANTA MARIA;2024;2;28;NOAL;8
SANTA MARIA;2024;2;29;NONOAI;2
SANTA MARIA;2024;2;30;NOSSA SENHORA DAS DORES;1
SANTA MARIA;2024;2;31;NOSSA SENHORA DE FÁTIMA;4
SANTA MARIA;2024;2;0;BAIRRO DESCONHECIDO;1
SANTA MARIA;2024;2;32;NOSSA SENHORA DE LOURDES;1
SANTA MARIA;2024;2;33;NOSSA SENHORA DO PERPÉTUO SOCORRO;1
SANTA MARIA;2024;2;34;NOSSA SENHORA DO ROSÁRIO;4
SANTA MARIA;2024;2;35;NOSSA SENHORA MEDIANEIRA;6
SANTA MARIA;2024;2;36;NOVA SANTA MARTA;21
SANTA MARIA;2024;2;36;NOVA SANTA MARTA;2
SANTA MARIA;2024;2;0;BAIRRO DESCONHECIDO;1
SANTA MARIA;2024;2;41;PINHEIRO MACHADO;1
SANTA MARIA;2024;2;41;PINHEIRO MACHADO;2
SANTA MARIA;2024;2;41;PINHEIRO MACHADO;2
SANTA MARIA;2024;2;41;PINHEIRO MACHADO;6
SANTA MARIA;2024;2;41;PINHEIRO MACHADO;2
SANTA MARIA;2024;2;37;PASSO D'AREIA;3
SANTA MARIA;2024;2;0;BAIRRO DESCONHECIDO;1
SANTA MARIA;2024;2;14;DISTRITO DE BOCA DO MONTE;2
SANTA MARIA;2024;2;37;PASSO D'AREIA;1
SANTA MARIA;2024;2;37;PASSO D'AREIA;1
SANTA MARIA;2024;2;37;PASSO D'AREIA;6
SANTA MARIA;2024;2;45;PASSO DAS TROPAS;6
SANTA MARIA;2024;2;45;PASSO DAS TROPAS;1
SANTA MARIA;2024;2;39;PATRONATO;3
SANTA MARIA;2024;2;39;PATRONATO;1
SANTA MARIA;2024;2;39;PATRONATO;2
SANTA MARIA;2024;2;40;PÉ DE PLATANO;1
SANTA MARIA;2024;2;33;NOSSA SENHORA DO PERPÉTUO SOCORRO;1
SANTA MARIA;2024;2;41;PINHEIRO MACHADO;15
SANTA MARIA;2024;2;36;NOVA SANTA MARTA;2
SANTA MARIA;2024;2;41;PINHEIRO MACHADO;1
SANTA MARIA;2024;2;41;PINHEIRO MACHADO;1
SANTA MARIA;2024;2;24;JUSCELINO KUBITSCHEK;1
SANTA MARIA;2024;2;24;JUSCELINO KUBITSCHEK;1
SANTA MARIA;2024;2;42;PRESIDENTE JOÃO GOULART;1
SANTA MARIA;2024;2;44;SALGADO FILHO;13
SANTA MARIA;2024;2;0;BAIRRO DESCONHECIDO;5
SANTA MARIA;2024;2;51;URLÂNDIA;5
SANTA MARIA;2024;2;46;SÃO JOÃO;4
SANTA MARIA;2024;2;47;SÃO JOSÉ;1
SANTA MARIA;2024;2;0;BAIRRO DESCONHECIDO;1
SANTA MARIA;2024;2;48;TANCREDO NEVES;1
SANTA MARIA;2024;2;48;TANCREDO NEVES;21
SANTA MARIA;2024;2;48;TANCREDO NEVES;1
SANTA MARIA;2024;2;48;TANCREDO NEVES;1
SANTA MARIA;2024;2;49;TOMAZZETTI;2
SANTA MARIA;2024;2;50;UGLIONE;2
SANTA MARIA;2024;2;51;URLÂNDIA;1
SANTA MARIA;2024;2;51;URLÂNDIA;18
SANTA MARIA;2024;2;2;BOI MORTO;1
SANTA MARIA;2024;2;0;BAIRRO DESCONHECIDO;1
SANTA MARIA;2024;2;0;BAIRRO DESCONHECIDO;1
SANTA MARIA;2024;2;24;JUSCELINO KUBITSCHEK;2
SANTA MARIA;2024;2;0;BAIRRO DESCONHECIDO;1
SANTA MARIA;2024;2;0;BAIRRO DESCONHECIDO;2
SANTA MARIA;2024;2;0;BAIRRO DESCONHECIDO;1
SANTA MARIA;2024;1;36;NOVA SANTA MARTA;1
SANTA MARIA;2024;1;36;NOVA SANTA MARTA;2
SANTA MARIA;2024;1;11;JOÃO LUIZ POZZOBON;1
SANTA MARIA;2024;1;46;SÃO JOÃO;1
SANTA MARIA;2024;1;14;DISTRITO DE BOCA DO MONTE;1
SANTA MARIA;2024;1;2;BOI MORTO;1
SANTA MARIA;2024;1;3;BONFIM;1
SANTA MARIA;2024;1;4;CAMOBI;1
SANTA MARIA;2024;1;7;CATURRITA;1
SANTA MARIA;2024;1;8;CENTRO;3
SANTA MARIA;2024;1;10;CHÁCARA DAS FLORES;2
SANTA MARIA;2024;1;0;BAIRRO DESCONHECIDO;1
SANTA MARIA;2024;1;48;TANCREDO NEVES;1
SANTA MARIA;2024;1;11;JOÃO LUIZ POZZOBON;1
SANTA MARIA;2024;1;11;JOÃO LUIZ POZZOBON;6
SANTA MARIA;2024;1;20;DIVINA PROVIDÊNCIA;6
SANTA MARIA;2024;1;22;DUQUE DE CAXIAS;1
SANTA MARIA;2024;1;23;ITARARÉ;1
SANTA MARIA;2024;1;24;JUSCELINO KUBITSCHEK;1
SANTA MARIA;2024;1;24;JUSCELINO KUBITSCHEK;1
SANTA MARIA;2024;1;24;JUSCELINO KUBITSCHEK;1
SANTA MARIA;2024;1;24;JUSCELINO KUBITSCHEK;6
SANTA MARIA;2024;1;26;LORENZI;5
SANTA MARIA;2024;1;35;NOSSA SENHORA MEDIANEIRA;1
SANTA MARIA;2024;1;28;NOAL;5
SANTA MARIA;2024;1;35;NOSSA SENHORA MEDIANEIRA;1
SANTA MARIA;2024;1;0;BAIRRO DESCONHECIDO;1
SANTA MARIA;2024;1;32;NOSSA SENHORA DE LOURDES;1
SANTA MARIA;2024;1;34;NOSSA SENHORA DO ROSÁRIO;2
SANTA MARIA;2024;1;36;NOVA SANTA MARTA;10
SANTA MARIA;2024;1;41;PINHEIRO MACHADO;1
SANTA MARIA;2024;1;41;PINHEIRO MACHADO;1
SANTA MARIA;2024;1;0;BAIRRO DESCONHECIDO;1
SANTA MARIA;2024;1;37;PASSO D'AREIA;2
SANTA MARIA;2024;1;45;PASSO DAS TROPAS;1
SANTA MARIA;2024;1;39;PATRONATO;5
SANTA MARIA;2024;1;41;PINHEIRO MACHADO;2
SANTA MARIA;2024;1;41;PINHEIRO MACHADO;1
SANTA MARIA;2024;1;44;SALGADO FILHO;4
SANTA MARIA;2024;1;51;URLÂNDIA;2
SANTA MARIA;2024;1;46;SÃO JOÃO;1
SANTA MARIA;2024;1;47;SÃO JOSÉ;1
SANTA MARIA;2024;1;48;TANCREDO NEVES;7
SANTA MARIA;2024;1;48;TANCREDO NEVES;2
SANTA MARIA;2024;1;49;TOMAZZETTI;1
SANTA MARIA;2024;1;51;URLÂNDIA;9
SANTA MARIA;2024;1;0;BAIRRO DESCONHECIDO;1
